"FullName","Name","Extension","Length","LastWriteTime"
"C:\Users\Lenovo\Desktop\phenotyping_system-main\backend\models\attention_pooling.py","attention_pooling.py",".py","6773","2026/4/20 13:23:53"
"C:\Users\Lenovo\Desktop\phenotyping_system-main\backend\vlm\coarse_label_builder.py","coarse_label_builder.py",".py","3128","2026/5/15 13:26:39"
"C:\Users\Lenovo\Desktop\phenotyping_system-main\backend\vlm\patient_vlm_runner.py","patient_vlm_runner.py",".py","4470","2026/5/15 13:26:53"
"C:\Users\Lenovo\Desktop\phenotyping_system-main\backend\vlm\vlm_client.py","vlm_client.py",".py","3612","2026/5/15 13:26:07"
"C:\Users\Lenovo\Desktop\phenotyping_system-main\backend\vlm\vlm_prompt.py","vlm_prompt.py",".py","1560","2026/5/15 13:25:20"
"C:\Users\Lenovo\Desktop\phenotyping_system-main\backend\vlm\vlm_score_parser.py","vlm_score_parser.py",".py","1581","2026/5/15 13:25:35"
"C:\Users\Lenovo\Desktop\phenotyping_system-main\backend\vlm\__init__.py","__init__.py",".py","4470","2026/5/15 13:27:08"
"C:\Users\Lenovo\Desktop\phenotyping_system-main\data\protocol\attn_topk_details.csv","attn_topk_details.csv",".csv","3033030","2026/4/20 13:23:53"
"C:\Users\Lenovo\Desktop\phenotyping_system-main\data\rair\rair_attn8_joined_strictdose.csv","rair_attn8_joined_strictdose.csv",".csv","220198","2026/4/20 13:23:53"
"C:\Users\Lenovo\Desktop\phenotyping_system-main\outputs\attn\topk8\seed0\attn_topk_details.csv","attn_topk_details.csv",".csv","1047","2026/4/20 13:23:53"
"C:\Users\Lenovo\Desktop\phenotyping_system-main\outputs\attn\topk8\seed0\clusters.csv","clusters.csv",".csv","99","2026/4/20 13:23:53"
"C:\Users\Lenovo\Desktop\phenotyping_system-main\outputs\attn\topk8\seed1\clusters.csv","clusters.csv",".csv","99","2026/4/20 13:23:53"
"C:\Users\Lenovo\Desktop\phenotyping_system-main\outputs\statistics\attn_pooling-8_dunn_posthoc_all.csv","attn_pooling-8_dunn_posthoc_all.csv",".csv","1435","2026/4/20 13:23:53"
"C:\Users\Lenovo\Desktop\phenotyping_system-main\outputs\statistics\attn_pooling-8_dunn_posthoc_stable.csv","attn_pooling-8_dunn_posthoc_stable.csv",".csv","1494","2026/4/20 13:23:53"
"C:\Users\Lenovo\Desktop\phenotyping_system-main\outputs\statistics\attn_pooling-8_kruskal_summary_all.csv","attn_pooling-8_kruskal_summary_all.csv",".csv","2321","2026/4/20 13:23:53"
"C:\Users\Lenovo\Desktop\phenotyping_system-main\outputs\statistics\attn_pooling-8_kruskal_summary_stable.csv","attn_pooling-8_kruskal_summary_stable.csv",".csv","2359","2026/4/20 13:23:53"
"C:\Users\Lenovo\Desktop\phenotyping_system-main\outputs\vlm\vlm_image_scores.csv","vlm_image_scores.csv",".csv","160","2026/5/15 13:13:34"
"C:\Users\Lenovo\Desktop\phenotyping_system-main\outputs\vlm\vlm_patient_coarse_labels.csv","vlm_patient_coarse_labels.csv",".csv","58","2026/5/15 13:13:34"
