版本,Cluster,Cluster总样本数,Cluster男性样本数,Cluster女性样本数,指标,性别亚组,n,均值,中位数,参考下限,参考上限,参考中心,偏离方向,异常比例,p_raw,p_adj,显著性,显著,显著_bool,effect_score,出现Cluster数,版本总Cluster数,Cluster覆盖比例,是否共同异常,median_effect,directional_effect,clinical_severity,同指标最高严重度,同指标第二严重度,是否同指标最突出Cluster,差异化领先幅度,差异化分数,可用于差异化命名
M1_Attn_topk4,0,324,142,182,肛门括约肌长度(cm),M,142,2.6,2.45,3.4,5.9,4.65,低,0.697,1.8716083292644133e-23,2.0587691621908546e-21,***,True,True,2.643236559139785,3,3,1.0,True,0.4731182795698925,-0.4731182795698925,1.1701182795698926,1.4644086021505376,1.1701182795698926,False,0.0,1.3551774193548387,False
M1_Attn_topk4,0,324,142,182,肛门括约肌长度(cm),F,182,2.28,2.1,2.7,5.1,3.9,低,0.692,5.226565530081043e-29,6.428675601999683e-27,***,True,True,2.615076923076923,3,3,1.0,True,0.4615384615384615,-0.4615384615384615,1.1535384615384614,1.4393846153846153,1.1535384615384614,False,0.0,1.330307692307692,False
M1_Attn_topk4,0,324,142,182,RAIR诱发最小容积(ml),ALL,324,17.48,10.0,0.0,30.0,30.0,低,0.059,9.316860241409704e-38,1.2111918313832615e-35,***,True,True,2.392333333333333,3,3,1.0,True,0.6666666666666666,-0.6666666666666666,0.7256666666666667,0.7336666666666667,0.7256666666666667,False,0.0,0.6885,False
M1_Attn_topk4,0,324,142,182,初始便意阈值(ml),ALL,323,68.13,60.0,57.0,196.0,126.5,低,0.257,9.259027732702813e-53,1.6666249918865062e-50,***,True,True,2.308383399209486,3,3,1.0,True,0.525691699604743,-0.525691699604743,0.782691699604743,0.782691699604743,0.755691699604743,True,0.027000000000000024,1.6010375494071147,True
M1_Attn_topk4,0,324,142,182,排便窘迫感阈值(ml),ALL,323,112.26,100.0,93.0,241.0,167.0,低,0.409,1.892627875979907e-45,3.028204601567851e-43,***,True,True,2.2113952095808385,3,3,1.0,True,0.40119760479041916,-0.40119760479041916,0.8101976047904191,0.9910778443113772,0.8691976047904192,False,0.0,0.8152964071856287,False
M1_Attn_topk4,0,324,142,182,肛门括约肌静息压(mmHg),M,142,59.62,58.4,59.0,115.0,87.0,低,0.535,7.044403147114698e-22,7.114847178585846e-20,***,True,True,2.192471264367816,3,3,1.0,True,0.32873563218390806,-0.32873563218390806,0.863735632183908,1.423264367816092,0.863735632183908,False,0.0,0.895603448275862,False
M1_Attn_topk4,1,339,88,250,肛门括约肌长度(cm),M,88,2.04,1.7,3.4,5.9,4.65,低,0.83,6.668894360030575e-16,6.002004924027518e-14,***,True,True,3.098817204301075,3,3,1.0,True,0.6344086021505376,-0.6344086021505376,1.4644086021505376,1.4644086021505376,1.1701182795698926,True,0.294290322580645,2.890903225806451,True
M1_Attn_topk4,1,339,88,250,肛门括约肌长度(cm),F,250,1.79,1.5,2.7,5.1,3.9,低,0.824,8.745546110501089e-42,1.2681041860226582e-39,***,True,True,3.0547692307692307,3,3,1.0,True,0.6153846153846154,-0.6153846153846154,1.4393846153846153,1.4393846153846153,1.1535384615384614,True,0.28584615384615386,2.844923076923077,True
M1_Attn_topk4,1,339,88,250,肛门括约肌静息压(mmHg),M,88,37.47,37.3,59.0,115.0,87.0,低,0.852,3.7309265750350144e-16,3.432452449032213e-14,***,True,True,2.994528735632184,3,3,1.0,True,0.571264367816092,-0.571264367816092,1.423264367816092,1.423264367816092,0.863735632183908,True,0.5595287356321839,3.0944252873563216,True
M1_Attn_topk4,1,339,88,250,肛门括约肌静息压(mmHg),F,250,37.43,35.6,47.0,101.0,74.0,低,0.7,1.1131613509207231e-41,1.6029523453258415e-39,***,True,True,2.737837837837838,3,3,1.0,True,0.518918918918919,-0.518918918918919,1.218918918918919,1.218918918918919,0.6014054054054054,True,0.6175135135135135,2.8458918918918914,True
M1_Attn_topk4,1,339,88,250,排便窘迫感阈值(ml),ALL,332,104.0,90.0,93.0,241.0,167.0,低,0.53,2.604746168074772e-50,4.5843532558115967e-48,***,True,True,2.4521556886227547,3,3,1.0,True,0.46107784431137727,-0.46107784431137727,0.9910778443113772,0.9910778443113772,0.8691976047904192,True,0.12188023952095806,2.008497005988024,True
M1_Attn_topk4,1,339,88,250,RAIR诱发最小容积(ml),ALL,339,17.2,10.0,0.0,30.0,30.0,低,0.044,3.762504995577905e-43,5.794257693189974e-41,***,True,True,2.3773333333333335,3,3,1.0,True,0.6666666666666666,-0.6666666666666666,0.7106666666666667,0.7336666666666667,0.7256666666666667,False,0.0,0.666,False
M1_Attn_topk4,2,404,186,218,RAIR诱发最小容积(ml),ALL,404,18.19,10.0,0.0,30.0,30.0,低,0.067,1.5936566048259158e-42,2.406421473287132e-40,***,True,True,2.400333333333333,3,3,1.0,True,0.6666666666666666,-0.6666666666666666,0.7336666666666667,0.7336666666666667,0.7256666666666667,True,0.008000000000000007,1.5085000000000002,True
M1_Attn_topk4,2,404,186,218,肛门括约肌长度(cm),F,218,2.52,2.35,2.7,5.1,3.9,低,0.596,5.919324199779512e-28,7.221575523731005e-26,***,True,True,2.390871794871795,3,3,1.0,True,0.3974358974358974,-0.3974358974358974,0.9934358974358974,1.4393846153846153,1.1535384615384614,False,0.0,1.090153846153846,False
M1_Attn_topk4,2,404,186,218,初始便意阈值(ml),ALL,403,65.73,60.0,57.0,196.0,126.5,低,0.226,4.297543702215217e-68,8.380210219319673e-66,***,True,True,2.2773833992094863,3,3,1.0,True,0.525691699604743,-0.525691699604743,0.751691699604743,0.782691699604743,0.755691699604743,False,0.0,0.7275375494071145,False
M1_Attn_topk4,2,404,186,218,排便窘迫感阈值(ml),ALL,402,111.92,100.0,93.0,241.0,167.0,低,0.468,1.488265341773148e-54,2.7681735356980557e-52,***,True,True,2.2703952095808386,3,3,1.0,True,0.40119760479041916,-0.40119760479041916,0.8691976047904192,0.9910778443113772,0.8691976047904192,False,0.0,0.9037964071856287,False
M1_Attn_topk4,2,404,186,218,最大容量感觉阈值(ml),ALL,402,165.87,160.0,155.0,309.0,232.0,低,0.51,3.235938900400887e-50,5.662893075701551e-48,***,True,True,2.130689655172414,3,3,1.0,True,0.3103448275862069,-0.3103448275862069,0.8203448275862069,0.9464482758620689,0.8211206896551724,False,0.0,0.8305172413793102,False
M1_Attn_topk4,2,404,186,218,肛门括约肌长度(cm),M,186,3.17,3.3,3.4,5.9,4.65,低,0.538,6.529085353196138e-24,7.443157302643596e-22,***,True,True,2.1186451612903228,3,3,1.0,True,0.29032258064516137,-0.29032258064516137,0.8283225806451614,1.4644086021505376,1.1701182795698926,False,0.0,0.8424838709677421,False
M2_Attn_topk6,0,330,145,185,肛门括约肌长度(cm),M,145,2.61,2.4,3.4,5.9,4.65,低,0.697,6.310479477483004e-24,7.257051399105453e-22,***,True,True,2.664741935483871,3,3,1.0,True,0.48387096774193555,-0.48387096774193555,1.1808709677419356,1.4799139784946236,1.1808709677419356,False,0.0,1.3713064516129032,False
M2_Attn_topk6,0,330,145,185,肛门括约肌长度(cm),F,185,2.27,2.1,2.7,5.1,3.9,低,0.697,1.5360206430583884e-29,1.9046655973924017e-27,***,True,True,2.620076923076923,3,3,1.0,True,0.4615384615384615,-0.4615384615384615,1.1585384615384615,1.4353846153846153,1.1585384615384615,False,0.0,1.3378076923076923,False
M2_Attn_topk6,0,330,145,185,RAIR诱发最小容积(ml),ALL,330,17.5,10.0,0.0,30.0,30.0,低,0.058,1.7918486336844887e-38,2.3473217101266798e-36,***,True,True,2.3913333333333333,3,3,1.0,True,0.6666666666666666,-0.6666666666666666,0.7246666666666667,0.7336666666666667,0.7246666666666667,False,0.0,0.6869999999999999,False
M2_Attn_topk6,0,330,145,185,初始便意阈值(ml),ALL,329,67.86,60.0,57.0,196.0,126.5,低,0.258,8.15371876702424e-54,1.4758230968313876e-51,***,True,True,2.3093833992094863,3,3,1.0,True,0.525691699604743,-0.525691699604743,0.783691699604743,0.783691699604743,0.750691699604743,True,0.03300000000000003,1.608537549407115,True
M2_Attn_topk6,0,330,145,185,排便窘迫感阈值(ml),ALL,329,111.98,100.0,93.0,241.0,167.0,低,0.413,1.7689633592265203e-46,2.883410275539228e-44,***,True,True,2.215395209580838,3,3,1.0,True,0.40119760479041916,-0.40119760479041916,0.8141976047904191,0.9800778443113773,0.8751976047904191,False,0.0,0.8212964071856287,False
M2_Attn_topk6,0,330,145,185,肛门括约肌静息压(mmHg),M,145,59.38,58.3,59.0,115.0,87.0,低,0.538,2.2948727483265633e-22,2.4096163857428912e-20,***,True,True,2.1977701149425286,3,3,1.0,True,0.3298850574712644,-0.3298850574712644,0.8678850574712644,1.4314137931034483,0.8678850574712644,False,0.0,0.9018275862068966,False
M2_Attn_topk6,1,401,184,217,肛门括约肌长度(cm),F,217,2.52,2.3,2.7,5.1,3.9,低,0.594,8.721366336195274e-28,1.055285326679628e-25,***,True,True,2.4145128205128206,3,3,1.0,True,0.4102564102564103,-0.4102564102564103,1.0042564102564102,1.4353846153846153,1.1585384615384615,False,0.0,1.1063846153846155,False
M2_Attn_topk6,1,401,184,217,RAIR诱发最小容积(ml),ALL,401,18.15,10.0,0.0,30.0,30.0,低,0.067,2.7084422396382896e-42,4.062663359457435e-40,***,True,True,2.400333333333333,3,3,1.0,True,0.6666666666666666,-0.6666666666666666,0.7336666666666667,0.7336666666666667,0.7246666666666667,True,0.009000000000000008,1.5095,True
M2_Attn_topk6,1,401,184,217,排便窘迫感阈值(ml),ALL,399,111.68,100.0,93.0,241.0,167.0,低,0.474,2.899293717015158e-54,5.305707502137739e-52,***,True,True,2.2763952095808384,3,3,1.0,True,0.40119760479041916,-0.40119760479041916,0.8751976047904191,0.9800778443113773,0.8751976047904191,False,0.0,0.9127964071856286,False
M2_Attn_topk6,1,401,184,217,初始便意阈值(ml),ALL,400,65.75,60.0,57.0,196.0,126.5,低,0.225,1.316285549738018e-67,2.5404311109943745e-65,***,True,True,2.276383399209486,3,3,1.0,True,0.525691699604743,-0.525691699604743,0.750691699604743,0.783691699604743,0.750691699604743,False,0.0,0.7260375494071146,False
M2_Attn_topk6,1,401,184,217,最大容量感觉阈值(ml),ALL,399,165.64,160.0,155.0,309.0,232.0,低,0.514,5.9900881158121785e-50,1.0302951559196946e-47,***,True,True,2.134689655172414,3,3,1.0,True,0.3103448275862069,-0.3103448275862069,0.8243448275862069,0.9394482758620689,0.8243448275862069,False,0.0,0.8365172413793104,False
M2_Attn_topk6,1,401,184,217,肛门括约肌长度(cm),M,184,3.17,3.3,3.4,5.9,4.65,低,0.538,1.422344255323235e-23,1.5788021234087909e-21,***,True,True,2.1186451612903228,3,3,1.0,True,0.29032258064516137,-0.29032258064516137,0.8283225806451614,1.4799139784946236,1.1808709677419356,False,0.0,0.8424838709677421,False
M2_Attn_topk6,2,331,85,245,肛门括约肌长度(cm),M,85,2.03,1.6,3.4,5.9,4.65,低,0.824,2.1154305987886023e-15,1.776961702982426e-13,***,True,True,3.1358279569892473,3,3,1.0,True,0.6559139784946236,-0.6559139784946236,1.4799139784946236,1.4799139784946236,1.1808709677419356,True,0.299043010752688,2.9189139784946234,True
M2_Attn_topk6,2,331,85,245,肛门括约肌长度(cm),F,245,1.8,1.5,2.7,5.1,3.9,低,0.82,6.457893332840592e-41,8.847313865991611e-39,***,True,True,3.0507692307692307,3,3,1.0,True,0.6153846153846154,-0.6153846153846154,1.4353846153846153,1.4353846153846153,1.1585384615384615,True,0.27684615384615374,2.8299230769230763,True
M2_Attn_topk6,2,331,85,245,肛门括约肌静息压(mmHg),M,85,37.25,37.2,59.0,115.0,87.0,低,0.859,1.1687302271761301e-15,1.0284825999149945e-13,***,True,True,3.0038275862068966,3,3,1.0,True,0.5724137931034482,-0.5724137931034482,1.4314137931034483,1.4314137931034483,0.8678850574712644,True,0.5635287356321839,3.1106494252873564,True
M2_Attn_topk6,2,331,85,245,肛门括约肌静息压(mmHg),F,245,37.07,35.4,47.0,101.0,74.0,低,0.706,3.9062518360580237e-41,5.3906275337600726e-39,***,True,True,2.749243243243243,3,3,1.0,True,0.5216216216216216,-0.5216216216216216,1.2276216216216216,1.2276216216216216,0.600054054054054,True,0.6275675675675676,2.869,True
M2_Attn_topk6,2,331,85,245,排便窘迫感阈值(ml),ALL,324,104.59,90.0,93.0,241.0,167.0,低,0.519,7.507427818292204e-49,1.253740445654798e-46,***,True,True,2.4411556886227546,3,3,1.0,True,0.46107784431137727,-0.46107784431137727,0.9800778443113773,0.9800778443113773,0.8751976047904191,True,0.10488023952095826,1.9749970059880244,True
M2_Attn_topk6,2,331,85,245,RAIR诱发最小容积(ml),ALL,331,17.16,10.0,0.0,30.0,30.0,低,0.045,3.208707019747566e-42,4.748886389226398e-40,***,True,True,2.378333333333333,3,3,1.0,True,0.6666666666666666,-0.6666666666666666,0.7116666666666667,0.7336666666666667,0.7246666666666667,False,0.0,0.6674999999999999,False
M3_Mean_topk0,0,334,86,247,肛门括约肌长度(cm),M,86,2.07,1.7,3.4,5.9,4.65,低,0.814,1.478616929742692e-15,1.286396728876142e-13,***,True,True,3.082817204301075,3,3,1.0,True,0.6344086021505376,-0.6344086021505376,1.4484086021505376,1.4484086021505376,1.1848709677419356,True,0.263537634408602,2.8361505376344085,True
M3_Mean_topk0,0,334,86,247,肛门括约肌长度(cm),F,247,1.79,1.5,2.7,5.1,3.9,低,0.822,2.87145349247017e-41,4.020034889458239e-39,***,True,True,3.052769230769231,3,3,1.0,True,0.6153846153846154,-0.6153846153846154,1.4373846153846155,1.4373846153846155,1.1565384615384615,True,0.28084615384615397,2.836923076923077,True
M3_Mean_topk0,0,334,86,247,肛门括约肌静息压(mmHg),M,86,37.98,37.5,59.0,115.0,87.0,低,0.849,7.987270122300702e-16,7.108670408847627e-14,***,True,True,2.9869310344827587,3,3,1.0,True,0.5689655172413793,-0.5689655172413793,1.4179655172413792,1.4179655172413792,0.866609195402299,True,0.5513563218390802,3.0783045977011487,True
M3_Mean_topk0,0,334,86,247,肛门括约肌静息压(mmHg),F,247,37.15,35.4,47.0,101.0,74.0,低,0.709,3.0032905966256967e-41,4.1745739293097185e-39,***,True,True,2.7522432432432433,3,3,1.0,True,0.5216216216216216,-0.5216216216216216,1.2306216216216215,1.2306216216216215,0.5820000000000001,True,0.6486216216216214,2.8945540540540535,True
M3_Mean_topk0,0,334,86,247,排便窘迫感阈值(ml),ALL,327,104.52,90.0,93.0,241.0,167.0,低,0.52,2.275997293320005e-49,3.8464354257108086e-47,***,True,True,2.4421556886227545,3,3,1.0,True,0.46107784431137727,-0.46107784431137727,0.9810778443113772,0.9810778443113772,0.8771976047904191,True,0.10388023952095815,1.9754970059880241,True
M3_Mean_topk0,0,334,86,247,RAIR诱发最小容积(ml),ALL,334,17.31,10.0,0.0,30.0,30.0,低,0.048,3.6004581526401735e-42,5.292673484381055e-40,***,True,True,2.381333333333333,3,3,1.0,True,0.6666666666666666,-0.6666666666666666,0.7146666666666667,0.7316666666666667,0.7236666666666667,False,0.0,0.672,False
M3_Mean_topk0,1,401,185,216,肛门括约肌长度(cm),F,216,2.52,2.3,2.7,5.1,3.9,低,0.597,1.1890086709094246e-27,1.4268104050913095e-25,***,True,True,2.4175128205128207,3,3,1.0,True,0.4102564102564103,-0.4102564102564103,1.0072564102564103,1.4373846153846155,1.1565384615384615,False,0.0,1.1108846153846157,False
M3_Mean_topk0,1,401,185,216,RAIR诱发最小容积(ml),ALL,401,18.15,10.0,0.0,30.0,30.0,低,0.065,2.8459301619531928e-42,4.2404359413102574e-40,***,True,True,2.3983333333333334,3,3,1.0,True,0.6666666666666666,-0.6666666666666666,0.7316666666666667,0.7316666666666667,0.7236666666666667,True,0.008000000000000007,1.5055,True
M3_Mean_topk0,1,401,185,216,排便窘迫感阈值(ml),ALL,399,111.3,100.0,93.0,241.0,167.0,低,0.476,1.7326660771310092e-54,3.205432242692367e-52,***,True,True,2.278395209580838,3,3,1.0,True,0.40119760479041916,-0.40119760479041916,0.8771976047904191,0.9810778443113772,0.8771976047904191,False,0.0,0.9157964071856285,False
M3_Mean_topk0,1,401,185,216,初始便意阈值(ml),ALL,400,65.65,60.0,57.0,196.0,126.5,低,0.225,1.1123479100443072e-67,2.157954945485956e-65,***,True,True,2.276383399209486,3,3,1.0,True,0.525691699604743,-0.525691699604743,0.750691699604743,0.783691699604743,0.755691699604743,False,0.0,0.7260375494071146,False
M3_Mean_topk0,1,401,185,216,最大容量感觉阈值(ml),ALL,399,165.24,150.0,155.0,309.0,232.0,低,0.519,3.360291174307061e-50,5.846906643294284e-48,***,True,True,2.225896551724138,3,3,1.0,True,0.35344827586206895,-0.35344827586206895,0.872448275862069,0.9404482758620689,0.872448275862069,False,0.0,0.9086724137931034,False
M3_Mean_topk0,1,401,185,216,肛门括约肌长度(cm),M,185,3.16,3.2,3.4,5.9,4.65,低,0.546,8.157992232503249e-24,9.21853122272867e-22,***,True,True,2.1696559139784948,3,3,1.0,True,0.3118279569892473,-0.3118279569892473,0.8578279569892473,1.4484086021505376,1.1848709677419356,False,0.0,0.8867419354838709,False
M3_Mean_topk0,2,331,144,187,肛门括约肌长度(cm),M,144,2.59,2.4,3.4,5.9,4.65,低,0.701,9.06317376154183e-24,1.0150754612926849e-21,***,True,True,2.668741935483871,3,3,1.0,True,0.48387096774193555,-0.48387096774193555,1.1848709677419356,1.4484086021505376,1.1848709677419356,False,0.0,1.3773064516129034,False
M3_Mean_topk0,2,331,144,187,肛门括约肌长度(cm),F,187,2.27,2.1,2.7,5.1,3.9,低,0.695,7.430112350943713e-30,9.287640438679642e-28,***,True,True,2.6180769230769227,3,3,1.0,True,0.4615384615384615,-0.4615384615384615,1.1565384615384615,1.4373846153846155,1.1565384615384615,False,0.0,1.3348076923076921,False
M3_Mean_topk0,2,331,144,187,RAIR诱发最小容积(ml),ALL,331,17.45,10.0,0.0,30.0,30.0,低,0.057,8.603907973819728e-39,1.1357158525442044e-36,***,True,True,2.3903333333333334,3,3,1.0,True,0.6666666666666666,-0.6666666666666666,0.7236666666666667,0.7316666666666667,0.7236666666666667,False,0.0,0.6855000000000001,False
M3_Mean_topk0,2,331,144,187,初始便意阈值(ml),ALL,330,67.95,60.0,57.0,196.0,126.5,低,0.258,6.000436503679131e-54,1.0920794436696016e-51,***,True,True,2.3093833992094863,3,3,1.0,True,0.525691699604743,-0.525691699604743,0.783691699604743,0.783691699604743,0.755691699604743,True,0.028000000000000025,1.6035375494071147,True
M3_Mean_topk0,2,331,144,187,排便窘迫感阈值(ml),ALL,330,112.33,100.0,93.0,241.0,167.0,低,0.412,2.9856970838639772e-46,4.836829275859642e-44,***,True,True,2.2143952095808386,3,3,1.0,True,0.40119760479041916,-0.40119760479041916,0.8131976047904191,0.9810778443113772,0.8771976047904191,False,0.0,0.8197964071856286,False
M3_Mean_topk0,2,331,144,187,肛门括约肌静息压(mmHg),M,144,59.07,58.15,59.0,115.0,87.0,低,0.535,1.217783028409483e-22,1.290850010114052e-20,***,True,True,2.198218390804598,3,3,1.0,True,0.3316091954022989,-0.3316091954022989,0.866609195402299,1.4179655172413792,0.866609195402299,False,0.0,0.8999137931034483,False
M4_旧Attn_topk4,0,309,139,170,肛门括约肌长度(cm),F,170,2.32,2.1,2.7,5.1,3.9,低,0.682,3.6001524926128555e-27,4.284181466209299e-25,***,True,True,2.605076923076923,3,3,1.0,True,0.4615384615384615,-0.4615384615384615,1.1435384615384616,1.4323846153846154,1.1435384615384616,False,0.0,1.3153076923076923,False
M4_旧Attn_topk4,0,309,139,170,肛门括约肌长度(cm),M,139,2.65,2.6,3.4,5.9,4.65,低,0.676,7.19345327491711e-23,7.696995004161308e-21,***,True,True,2.557720430107527,3,3,1.0,True,0.44086021505376344,-0.44086021505376344,1.1168602150537634,1.4444086021505376,1.1168602150537634,False,0.0,1.2752903225806453,False
M4_旧Attn_topk4,0,309,139,170,RAIR诱发最小容积(ml),ALL,309,17.49,10.0,0.0,30.0,30.0,低,0.058,8.031106545533475e-37,1.0360127443738184e-34,***,True,True,2.3913333333333333,3,3,1.0,True,0.6666666666666666,-0.6666666666666666,0.7246666666666667,0.7326666666666666,0.7246666666666667,False,0.0,0.6869999999999999,False
M4_旧Attn_topk4,0,309,139,170,初始便意阈值(ml),ALL,308,67.63,60.0,57.0,196.0,126.5,低,0.253,1.394903214766817e-51,2.4968767544326018e-49,***,True,True,2.304383399209486,3,3,1.0,True,0.525691699604743,-0.525691699604743,0.778691699604743,0.778691699604743,0.751691699604743,True,0.027000000000000024,1.5950375494071145,True
M4_旧Attn_topk4,0,309,139,170,排便窘迫感阈值(ml),ALL,308,112.87,100.0,93.0,241.0,167.0,低,0.393,8.10677096254118e-44,1.272763041118965e-41,***,True,True,2.1953952095808384,3,3,1.0,True,0.40119760479041916,-0.40119760479041916,0.7941976047904191,0.9750778443113772,0.8901976047904192,False,0.0,0.7912964071856287,False
M4_旧Attn_topk4,0,309,139,170,肛门括约肌静息压(mmHg),M,139,60.75,59.2,59.0,115.0,87.0,低,0.504,3.504028546186115e-21,3.5040285461861147e-19,***,True,True,2.1430804597701147,3,3,1.0,True,0.3195402298850574,-0.3195402298850574,0.8235402298850574,1.4259655172413792,0.8235402298850574,False,0.0,0.8353103448275861,False
M4_旧Attn_topk4,1,326,84,241,肛门括约肌长度(cm),M,84,2.08,1.7,3.4,5.9,4.65,低,0.81,3.278640878108191e-15,2.6556991112676346e-13,***,True,True,3.0788172043010755,3,3,1.0,True,0.6344086021505376,-0.6344086021505376,1.4444086021505376,1.4444086021505376,1.1168602150537634,True,0.32754838709677414,2.89416129032258,True
M4_旧Attn_topk4,1,326,84,241,肛门括约肌长度(cm),F,241,1.79,1.5,2.7,5.1,3.9,低,0.817,3.008235539682977e-40,4.0009532677783594e-38,***,True,True,3.047769230769231,3,3,1.0,True,0.6153846153846154,-0.6153846153846154,1.4323846153846154,1.4323846153846154,1.1435384615384616,True,0.28884615384615375,2.8374230769230766,True
M4_旧Attn_topk4,1,326,84,241,肛门括约肌静息压(mmHg),M,84,37.79,37.5,59.0,115.0,87.0,低,0.857,1.7102447816903898e-15,1.4708105122537353e-13,***,True,True,2.9949310344827587,3,3,1.0,True,0.5689655172413793,-0.5689655172413793,1.4259655172413792,1.4259655172413792,0.8235402298850574,True,0.6024252873563218,3.1413735632183903,True
M4_旧Attn_topk4,1,326,84,241,肛门括约肌静息压(mmHg),F,241,36.82,35.2,47.0,101.0,74.0,低,0.718,2.668528179826774e-40,3.575827760967877e-38,***,True,True,2.7666486486486486,3,3,1.0,True,0.5243243243243243,-0.5243243243243243,1.2423243243243243,1.2423243243243243,0.5196756756756757,True,0.7226486486486485,2.9861351351351346,True
M4_旧Attn_topk4,1,326,84,241,排便窘迫感阈值(ml),ALL,319,104.85,90.0,93.0,241.0,167.0,低,0.514,5.866587149538538e-48,9.679868796738588e-46,***,True,True,2.4361556886227547,3,3,1.0,True,0.46107784431137727,-0.46107784431137727,0.9750778443113772,0.9750778443113772,0.8901976047904192,True,0.08488023952095802,1.947497005988024,True
M4_旧Attn_topk4,1,326,84,241,RAIR诱发最小容积(ml),ALL,326,17.18,10.0,0.0,30.0,30.0,低,0.049,1.5421265430602676e-41,2.18981969114558e-39,***,True,True,2.3823333333333334,3,3,1.0,True,0.6666666666666666,-0.6666666666666666,0.7156666666666667,0.7326666666666666,0.7246666666666667,False,0.0,0.6735000000000001,False
M4_旧Attn_topk4,2,350,157,193,肛门括约肌长度(cm),F,193,2.5,2.3,2.7,5.1,3.9,低,0.606,3.069871312164122e-25,3.5917494352320226e-23,***,True,True,2.4265128205128206,3,3,1.0,True,0.4102564102564103,-0.4102564102564103,1.0162564102564102,1.4323846153846154,1.1435384615384616,False,0.0,1.1243846153846153,False
M4_旧Attn_topk4,2,350,157,193,RAIR诱发最小容积(ml),ALL,350,18.2,10.0,0.0,30.0,30.0,低,0.066,3.726895201855989e-36,4.770425858375666e-34,***,True,True,2.3993333333333333,3,3,1.0,True,0.6666666666666666,-0.6666666666666666,0.7326666666666666,0.7326666666666666,0.7246666666666667,True,0.007999999999999896,1.5069999999999997,True
M4_旧Attn_topk4,2,350,157,193,排便窘迫感阈值(ml),ALL,348,111.15,100.0,93.0,241.0,167.0,低,0.489,1.4939895686751243e-47,2.450142892627204e-45,***,True,True,2.2913952095808385,3,3,1.0,True,0.40119760479041916,-0.40119760479041916,0.8901976047904192,0.9750778443113772,0.8901976047904192,False,0.0,0.9352964071856288,False
M4_旧Attn_topk4,2,350,157,193,初始便意阈值(ml),ALL,349,65.7,60.0,57.0,196.0,126.5,低,0.218,2.24019780163204e-59,4.301179779133517e-57,***,True,True,2.2693833992094863,3,3,1.0,True,0.525691699604743,-0.525691699604743,0.743691699604743,0.778691699604743,0.751691699604743,False,0.0,0.7155375494071144,False
M4_旧Attn_topk4,2,350,157,193,最大容量感觉阈值(ml),ALL,348,165.27,150.0,155.0,309.0,232.0,低,0.523,1.2886531966880954e-43,2.0102989868334287e-41,***,True,True,2.229896551724138,3,3,1.0,True,0.35344827586206895,-0.35344827586206895,0.876448275862069,0.9424482758620689,0.876448275862069,False,0.0,0.9146724137931034,False
M4_旧Attn_topk4,2,350,157,193,肛门括约肌长度(cm),M,157,3.12,3.2,3.4,5.9,4.65,低,0.561,2.823358642173366e-20,2.738657882908165e-18,***,True,True,2.184655913978495,3,3,1.0,True,0.3118279569892473,-0.3118279569892473,0.8728279569892474,1.4444086021505376,1.1168602150537634,False,0.0,0.9092419354838711,False
M5_旧Mean_topk6,0,299,134,165,肛门括约肌长度(cm),M,134,2.64,2.45,3.4,5.9,4.65,低,0.687,5.302720537377866e-22,5.461802153499201e-20,***,True,True,2.6332365591397853,3,3,1.0,True,0.4731182795698925,-0.4731182795698925,1.1601182795698926,1.4661612903225807,1.1601182795698926,False,0.0,1.340177419354839,False
M5_旧Mean_topk6,0,299,134,165,肛门括约肌长度(cm),F,165,2.31,2.1,2.7,5.1,3.9,低,0.691,2.2881124099219415e-26,2.699972643707891e-24,***,True,True,2.614076923076923,3,3,1.0,True,0.4615384615384615,-0.4615384615384615,1.1525384615384615,1.4333846153846155,1.1525384615384615,False,0.0,1.3288076923076924,False
M5_旧Mean_topk6,0,299,134,165,RAIR诱发最小容积(ml),ALL,299,17.64,10.0,0.0,30.0,30.0,低,0.054,5.289194359458222e-35,6.664384892917359e-33,***,True,True,2.3873333333333333,3,3,1.0,True,0.6666666666666666,-0.6666666666666666,0.7206666666666667,0.7286666666666666,0.7206666666666667,False,0.0,0.6809999999999999,False
M5_旧Mean_topk6,0,299,134,165,初始便意阈值(ml),ALL,298,67.53,60.0,57.0,196.0,126.5,低,0.255,6.221117724147064e-50,1.063811130829148e-47,***,True,True,2.306383399209486,3,3,1.0,True,0.525691699604743,-0.525691699604743,0.780691699604743,0.780691699604743,0.751691699604743,True,0.029000000000000026,1.6000375494071144,True
M5_旧Mean_topk6,0,299,134,165,排便窘迫感阈值(ml),ALL,298,112.06,100.0,93.0,241.0,167.0,低,0.399,5.2471640209168575e-43,8.02816095200279e-41,***,True,True,2.2013952095808382,3,3,1.0,True,0.40119760479041916,-0.40119760479041916,0.8001976047904191,0.9770778443113772,0.8791976047904191,False,0.0,0.8002964071856286,False
M5_旧Mean_topk6,0,299,134,165,肛门括约肌静息压(mmHg),M,134,60.37,59.0,59.0,115.0,87.0,低,0.5,4.825789105772101e-21,4.77753121471438e-19,***,True,True,2.1436781609195403,3,3,1.0,True,0.3218390804597701,-0.3218390804597701,0.8218390804597702,1.428264367816092,0.8218390804597702,False,0.0,0.8327586206896552,False
M5_旧Mean_topk6,1,327,84,242,肛门括约肌长度(cm),M,84,2.04,1.65,3.4,5.9,4.65,低,0.821,3.195555491077047e-15,2.6203555026831784e-13,***,True,True,3.1113225806451617,3,3,1.0,True,0.6451612903225807,-0.6451612903225807,1.4661612903225807,1.4661612903225807,1.1601182795698926,True,0.30604301075268814,2.905284946236559,True
M5_旧Mean_topk6,1,327,84,242,肛门括约肌长度(cm),F,242,1.79,1.5,2.7,5.1,3.9,低,0.818,2.006280584093883e-40,2.708478788526742e-38,***,True,True,3.048769230769231,3,3,1.0,True,0.6153846153846154,-0.6153846153846154,1.4333846153846155,1.4333846153846155,1.1525384615384615,True,0.28084615384615397,2.8309230769230775,True
M5_旧Mean_topk6,1,327,84,242,肛门括约肌静息压(mmHg),M,84,37.36,37.3,59.0,115.0,87.0,低,0.857,1.7102447816903898e-15,1.4708105122537353e-13,***,True,True,2.9995287356321843,3,3,1.0,True,0.571264367816092,-0.571264367816092,1.428264367816092,1.428264367816092,0.8218390804597702,True,0.6064252873563218,3.1488218390804597,True
M5_旧Mean_topk6,1,327,84,242,肛门括约肌静息压(mmHg),F,242,36.97,35.35,47.0,101.0,74.0,低,0.715,1.8133808766035787e-40,2.466197992180867e-38,***,True,True,2.7595945945945943,2,3,0.6666666666666666,False,0.5222972972972972,-0.5222972972972972,1.2372972972972973,1.2372972972972973,0.5105135135135135,True,0.7267837837837838,3.3827297297297294,True
M5_旧Mean_topk6,1,327,84,242,排便窘迫感阈值(ml),ALL,320,104.74,90.0,93.0,241.0,167.0,低,0.516,3.797527805556081e-48,6.303896157223095e-46,***,True,True,2.4381556886227544,3,3,1.0,True,0.46107784431137727,-0.46107784431137727,0.9770778443113772,0.9770778443113772,0.8791976047904191,True,0.09788023952095815,1.9634970059880241,True
M5_旧Mean_topk6,1,327,84,242,RAIR诱发最小容积(ml),ALL,327,17.09,10.0,0.0,30.0,30.0,低,0.046,6.655368785825179e-42,9.71683842730476e-40,***,True,True,2.3793333333333333,3,3,1.0,True,0.6666666666666666,-0.6666666666666666,0.7126666666666667,0.7286666666666666,0.7206666666666667,False,0.0,0.6689999999999999,False
M5_旧Mean_topk6,2,339,152,187,肛门括约肌长度(cm),F,187,2.53,2.3,2.7,5.1,3.9,低,0.599,4.476915842884118e-24,5.193222377745577e-22,***,True,True,2.4195128205128205,3,3,1.0,True,0.4102564102564103,-0.4102564102564103,1.0092564102564103,1.4333846153846155,1.1525384615384615,False,0.0,1.1138846153846154,False
M5_旧Mean_topk6,2,339,152,187,RAIR诱发最小容积(ml),ALL,339,18.05,10.0,0.0,30.0,30.0,低,0.062,5.337716012822368e-36,6.778899336284407e-34,***,True,True,2.3953333333333333,3,3,1.0,True,0.6666666666666666,-0.6666666666666666,0.7286666666666666,0.7286666666666666,0.7206666666666667,True,0.007999999999999896,1.501,True
M5_旧Mean_topk6,2,339,152,187,排便窘迫感阈值(ml),ALL,337,111.36,100.0,93.0,241.0,167.0,低,0.478,3.1787600941697345e-46,5.117803751613272e-44,***,True,True,2.2803952095808384,3,3,1.0,True,0.40119760479041916,-0.40119760479041916,0.8791976047904191,0.9770778443113772,0.8791976047904191,False,0.0,0.9187964071856286,False
M5_旧Mean_topk6,2,339,152,187,初始便意阈值(ml),ALL,338,65.41,60.0,57.0,196.0,126.5,低,0.225,1.8072071254472505e-57,3.4517656096042484e-55,***,True,True,2.276383399209486,3,3,1.0,True,0.525691699604743,-0.525691699604743,0.750691699604743,0.780691699604743,0.751691699604743,False,0.0,0.7260375494071146,False
M5_旧Mean_topk6,2,339,152,187,最大容量感觉阈值(ml),ALL,337,164.81,150.0,155.0,309.0,232.0,低,0.519,7.52491088268939e-43,1.143786454168787e-40,***,True,True,2.225896551724138,3,3,1.0,True,0.35344827586206895,-0.35344827586206895,0.872448275862069,0.9414482758620689,0.872448275862069,False,0.0,0.9086724137931034,False
M5_旧Mean_topk6,2,339,152,187,肛门括约肌长度(cm),M,152,3.16,3.2,3.4,5.9,4.65,低,0.553,2.7634131441640067e-19,2.6528766183974465e-17,***,True,True,2.176655913978495,3,3,1.0,True,0.3118279569892473,-0.3118279569892473,0.8648279569892474,1.4661612903225807,1.1601182795698926,False,0.0,0.8972419354838711,False
