版本,Cluster,Cluster总样本数,Cluster男性样本数,Cluster女性样本数,指标,性别亚组,n,均值,中位数,参考下限,参考上限,参考中心,偏离方向,异常比例,p_raw,p_adj,显著性,显著
M1_Attn_topk4,0,324,142,182,肛门括约肌静息压(mmHg),M,142,59.62,58.4,59.0,115.0,87.0,低,0.535,7.044403147114698e-22,7.114847178585845e-20,***,True
M1_Attn_topk4,0,324,142,182,肛门括约肌静息压(mmHg),F,182,57.78,55.1,47.0,101.0,74.0,低,0.346,5.80548822269116e-18,5.45715892932969e-16,***,True
M1_Attn_topk4,0,324,142,182,最大缩榨压MSP（mmHg）,M,142,128.58,118.25,91.0,170.0,130.5,低,0.408,0.07361223587795931,0.6194692610450971,ns,False
M1_Attn_topk4,0,324,142,182,最大缩榨压MSP（mmHg）,F,182,94.93,92.85,61.0,140.0,100.5,低,0.242,0.0024794698284422234,0.05454833622572892,ns,False
M1_Attn_topk4,0,324,142,182,最大容量感觉阈值(ml),ALL,318,163.95,157.5,155.0,309.0,232.0,低,0.5,1.325718697280465e-43,2.0548639807847207e-41,***,True
M1_Attn_topk4,0,324,142,182,肛门括约肌长度(cm),M,142,2.6,2.45,3.4,5.9,4.65,低,0.697,1.8716083292644133e-23,2.0587691621908546e-21,***,True
M1_Attn_topk4,0,324,142,182,肛门括约肌长度(cm),F,182,2.28,2.1,2.7,5.1,3.9,低,0.692,5.226565530081043e-29,6.428675601999683e-27,***,True
M1_Attn_topk4,0,324,142,182,缩肛持续时间(s),ALL,324,12.88,13.3,12.2,14.4,13.3,等于参考中心,0.503,0.008652864039105587,0.1352381355811219,ns,False
M1_Attn_topk4,0,324,142,182,排便时直肠压力(mmHg),ALL,324,46.07,41.5,45.0,inf,45.0,低,0.552,0.23038834097434635,1.0,ns,False
M1_Attn_topk4,0,324,142,182,RAIR诱发最小容积(ml),ALL,324,17.48,10.0,0.0,30.0,30.0,低,0.059,9.316860241409704e-38,1.2111918313832615e-35,***,True
M1_Attn_topk4,0,324,142,182,初始感觉阈值(ml),ALL,320,35.94,30.0,0.0,30.0,30.0,等于参考中心,0.334,7.004676845691106e-10,4.9032737919837744e-08,***,True
M1_Attn_topk4,0,324,142,182,初始便意阈值(ml),ALL,323,68.13,60.0,57.0,196.0,126.5,低,0.257,9.259027732702813e-53,1.6666249918865062e-50,***,True
M1_Attn_topk4,0,324,142,182,排便窘迫感阈值(ml),ALL,323,112.26,100.0,93.0,241.0,167.0,低,0.409,1.892627875979907e-45,3.028204601567851e-43,***,True
M1_Attn_topk4,1,339,88,250,肛门括约肌静息压(mmHg),M,88,37.47,37.3,59.0,115.0,87.0,低,0.852,3.730926575035014e-16,3.432452449032213e-14,***,True
M1_Attn_topk4,1,339,88,250,肛门括约肌静息压(mmHg),F,250,37.43,35.6,47.0,101.0,74.0,低,0.7,1.1131613509207232e-41,1.6029523453258415e-39,***,True
M1_Attn_topk4,1,339,88,250,最大缩榨压MSP（mmHg）,M,88,92.88,86.75,91.0,170.0,130.5,低,0.625,1.7627047458541463e-08,1.1457580848051951e-06,***,True
M1_Attn_topk4,1,339,88,250,最大缩榨压MSP（mmHg）,F,250,75.26,71.15,61.0,140.0,100.5,低,0.424,5.428521508856636e-21,5.319951078679504e-19,***,True
M1_Attn_topk4,1,339,88,250,最大容量感觉阈值(ml),ALL,332,151.23,150.0,155.0,309.0,232.0,低,0.593,1.660932796650701e-51,2.956460378038248e-49,***,True
M1_Attn_topk4,1,339,88,250,肛门括约肌长度(cm),M,88,2.04,1.7,3.4,5.9,4.65,低,0.83,6.668894360030575e-16,6.002004924027518e-14,***,True
M1_Attn_topk4,1,339,88,250,肛门括约肌长度(cm),F,250,1.79,1.5,2.7,5.1,3.9,低,0.824,8.74554611050109e-42,1.2681041860226582e-39,***,True
M1_Attn_topk4,1,339,88,250,缩肛持续时间(s),ALL,339,12.43,12.8,12.2,14.4,13.3,低,0.605,7.811873012216622e-11,5.858904759162466e-09,***,True
M1_Attn_topk4,1,339,88,250,排便时直肠压力(mmHg),ALL,339,42.48,37.6,45.0,inf,45.0,低,0.652,9.414790696054286e-06,0.0003685974400567188,***,True
M1_Attn_topk4,1,339,88,250,RAIR诱发最小容积(ml),ALL,339,17.2,10.0,0.0,30.0,30.0,低,0.044,3.762504995577905e-43,5.794257693189974e-41,***,True
M1_Attn_topk4,1,339,88,250,初始感觉阈值(ml),ALL,330,33.24,30.0,0.0,30.0,30.0,等于参考中心,0.227,8.335736212459113e-07,4.1678681062295566e-05,***,True
M1_Attn_topk4,1,339,88,250,初始便意阈值(ml),ALL,331,64.14,60.0,57.0,196.0,126.5,低,0.23,1.0822216995651807e-56,2.0562212291738434e-54,***,True
M1_Attn_topk4,1,339,88,250,排便窘迫感阈值(ml),ALL,332,104.0,90.0,93.0,241.0,167.0,低,0.53,2.6047461680747713e-50,4.584353255811597e-48,***,True
M1_Attn_topk4,2,404,186,218,肛门括约肌静息压(mmHg),M,186,72.49,72.8,59.0,115.0,87.0,低,0.28,5.169489688429713e-15,4.13559175074377e-13,***,True
M1_Attn_topk4,2,404,186,218,肛门括约肌静息压(mmHg),F,218,69.69,68.7,47.0,101.0,74.0,低,0.174,0.0003469140617872593,0.009713593730043261,**,True
M1_Attn_topk4,2,404,186,218,最大缩榨压MSP（mmHg）,M,186,145.67,138.95,91.0,170.0,130.5,高,0.36,0.001325084021813572,0.03445218456715287,*,True
M1_Attn_topk4,2,404,186,218,最大缩榨压MSP（mmHg）,F,218,112.31,107.7,61.0,140.0,100.5,高,0.206,9.21493600141797e-06,0.0003685974400567188,***,True
M1_Attn_topk4,2,404,186,218,最大容量感觉阈值(ml),ALL,402,165.87,160.0,155.0,309.0,232.0,低,0.51,3.2359389004008867e-50,5.662893075701551e-48,***,True
M1_Attn_topk4,2,404,186,218,肛门括约肌长度(cm),M,186,3.17,3.3,3.4,5.9,4.65,低,0.538,6.529085353196137e-24,7.443157302643596e-22,***,True
M1_Attn_topk4,2,404,186,218,肛门括约肌长度(cm),F,218,2.52,2.35,2.7,5.1,3.9,低,0.596,5.919324199779512e-28,7.221575523731005e-26,***,True
M1_Attn_topk4,2,404,186,218,缩肛持续时间(s),ALL,404,12.6,13.1,12.2,14.4,13.3,低,0.545,5.659698156375355e-07,3.169430967570199e-05,***,True
M1_Attn_topk4,2,404,186,218,排便时直肠压力(mmHg),ALL,404,51.13,47.35,45.0,inf,45.0,高,0.453,0.0001211847456843537,0.0038779118618993184,**,True
M1_Attn_topk4,2,404,186,218,RAIR诱发最小容积(ml),ALL,404,18.19,10.0,0.0,30.0,30.0,低,0.067,1.5936566048259155e-42,2.4064214732871324e-40,***,True
M1_Attn_topk4,2,404,186,218,初始感觉阈值(ml),ALL,400,32.88,30.0,0.0,30.0,30.0,等于参考中心,0.215,5.385086790178901e-07,3.0694994704019735e-05,***,True
M1_Attn_topk4,2,404,186,218,初始便意阈值(ml),ALL,403,65.73,60.0,57.0,196.0,126.5,低,0.226,4.297543702215217e-68,8.380210219319673e-66,***,True
M1_Attn_topk4,2,404,186,218,排便窘迫感阈值(ml),ALL,402,111.92,100.0,93.0,241.0,167.0,低,0.468,1.488265341773148e-54,2.7681735356980554e-52,***,True
M2_Attn_topk6,0,330,145,185,肛门括约肌静息压(mmHg),M,145,59.38,58.3,59.0,115.0,87.0,低,0.538,2.294872748326563e-22,2.409616385742891e-20,***,True
M2_Attn_topk6,0,330,145,185,肛门括约肌静息压(mmHg),F,185,57.85,55.2,47.0,101.0,74.0,低,0.346,4.7434335165742314e-18,4.50626184074552e-16,***,True
M2_Attn_topk6,0,330,145,185,最大缩榨压MSP（mmHg）,M,145,128.02,118.0,91.0,170.0,130.5,低,0.407,0.052953776986384545,0.58249154685023,ns,False
M2_Attn_topk6,0,330,145,185,最大缩榨压MSP（mmHg）,F,185,94.98,92.9,61.0,140.0,100.5,低,0.243,0.0027546959750835006,0.055093919501670016,ns,False
M2_Attn_topk6,0,330,145,185,最大容量感觉阈值(ml),ALL,324,163.66,157.5,155.0,309.0,232.0,低,0.5,1.6128479607460911e-44,2.548299777978824e-42,***,True
M2_Attn_topk6,0,330,145,185,肛门括约肌长度(cm),M,145,2.61,2.4,3.4,5.9,4.65,低,0.697,6.310479477483003e-24,7.257051399105453e-22,***,True
M2_Attn_topk6,0,330,145,185,肛门括约肌长度(cm),F,185,2.27,2.1,2.7,5.1,3.9,低,0.697,1.5360206430583884e-29,1.9046655973924017e-27,***,True
M2_Attn_topk6,0,330,145,185,缩肛持续时间(s),ALL,330,12.88,13.3,12.2,14.4,13.3,等于参考中心,0.503,0.00845238347382012,0.1352381355811219,ns,False
M2_Attn_topk6,0,330,145,185,排便时直肠压力(mmHg),ALL,330,46.11,41.55,45.0,inf,45.0,低,0.548,0.2541210585401541,1.0,ns,False
M2_Attn_topk6,0,330,145,185,RAIR诱发最小容积(ml),ALL,330,17.5,10.0,0.0,30.0,30.0,低,0.058,1.7918486336844887e-38,2.34732171012668e-36,***,True
M2_Attn_topk6,0,330,145,185,初始感觉阈值(ml),ALL,326,35.77,30.0,0.0,30.0,30.0,等于参考中心,0.328,1.411699835667613e-09,9.599558882539768e-08,***,True
M2_Attn_topk6,0,330,145,185,初始便意阈值(ml),ALL,329,67.86,60.0,57.0,196.0,126.5,低,0.258,8.153718767024241e-54,1.4758230968313876e-51,***,True
M2_Attn_topk6,0,330,145,185,排便窘迫感阈值(ml),ALL,329,111.98,100.0,93.0,241.0,167.0,低,0.413,1.7689633592265203e-46,2.883410275539228e-44,***,True
M2_Attn_topk6,1,401,184,217,肛门括约肌静息压(mmHg),M,184,72.47,72.8,59.0,115.0,87.0,低,0.283,8.954535397330788e-15,7.074082963891322e-13,***,True
M2_Attn_topk6,1,401,184,217,肛门括约肌静息压(mmHg),F,217,69.33,68.5,47.0,101.0,74.0,低,0.18,0.0001782642383333697,0.005338487704846685,**,True
M2_Attn_topk6,1,401,184,217,最大缩榨压MSP（mmHg）,M,184,145.23,138.95,91.0,170.0,130.5,高,0.359,0.0018153744419574429,0.045384361048936075,*,True
M2_Attn_topk6,1,401,184,217,最大缩榨压MSP（mmHg）,F,217,112.32,107.6,61.0,140.0,100.5,高,0.207,9.949025896663714e-06,0.0003780629840732211,***,True
M2_Attn_topk6,1,401,184,217,最大容量感觉阈值(ml),ALL,399,165.64,160.0,155.0,309.0,232.0,低,0.514,5.990088115812178e-50,1.0302951559196946e-47,***,True
M2_Attn_topk6,1,401,184,217,肛门括约肌长度(cm),M,184,3.17,3.3,3.4,5.9,4.65,低,0.538,1.422344255323235e-23,1.5788021234087907e-21,***,True
M2_Attn_topk6,1,401,184,217,肛门括约肌长度(cm),F,217,2.52,2.3,2.7,5.1,3.9,低,0.594,8.721366336195274e-28,1.055285326679628e-25,***,True
M2_Attn_topk6,1,401,184,217,缩肛持续时间(s),ALL,401,12.59,13.1,12.2,14.4,13.3,低,0.551,3.7701780989185816e-07,2.2244050783619632e-05,***,True
M2_Attn_topk6,1,401,184,217,排便时直肠压力(mmHg),ALL,401,51.32,47.4,45.0,inf,45.0,高,0.454,8.508431235272732e-05,0.0028077823076400016,**,True
M2_Attn_topk6,1,401,184,217,RAIR诱发最小容积(ml),ALL,401,18.15,10.0,0.0,30.0,30.0,低,0.067,2.70844223963829e-42,4.062663359457435e-40,***,True
M2_Attn_topk6,1,401,184,217,初始感觉阈值(ml),ALL,397,32.85,30.0,0.0,30.0,30.0,等于参考中心,0.212,6.094892867137895e-07,3.2642950966783235e-05,***,True
M2_Attn_topk6,1,401,184,217,初始便意阈值(ml),ALL,400,65.75,60.0,57.0,196.0,126.5,低,0.225,1.316285549738018e-67,2.5404311109943745e-65,***,True
M2_Attn_topk6,1,401,184,217,排便窘迫感阈值(ml),ALL,399,111.68,100.0,93.0,241.0,167.0,低,0.474,2.899293717015158e-54,5.305707502137739e-52,***,True
M2_Attn_topk6,2,331,85,245,肛门括约肌静息压(mmHg),M,85,37.25,37.2,59.0,115.0,87.0,低,0.859,1.16873022717613e-15,1.0284825999149943e-13,***,True
M2_Attn_topk6,2,331,85,245,肛门括约肌静息压(mmHg),F,245,37.07,35.4,47.0,101.0,74.0,低,0.706,3.906251836058024e-41,5.390627533760073e-39,***,True
M2_Attn_topk6,2,331,85,245,最大缩榨压MSP（mmHg）,M,85,92.19,85.5,91.0,170.0,130.5,低,0.635,2.5266421683736818e-08,1.5917845660754195e-06,***,True
M2_Attn_topk6,2,331,85,245,最大缩榨压MSP（mmHg）,F,245,74.4,70.6,61.0,140.0,100.5,低,0.42,6.828415417558809e-22,6.964983725909985e-20,***,True
M2_Attn_topk6,2,331,85,245,最大容量感觉阈值(ml),ALL,324,152.04,150.0,155.0,309.0,232.0,低,0.586,4.181229343001649e-50,7.233526763392852e-48,***,True
M2_Attn_topk6,2,331,85,245,肛门括约肌长度(cm),M,85,2.03,1.6,3.4,5.9,4.65,低,0.824,2.1154305987886023e-15,1.776961702982426e-13,***,True
M2_Attn_topk6,2,331,85,245,肛门括约肌长度(cm),F,245,1.8,1.5,2.7,5.1,3.9,低,0.82,6.457893332840593e-41,8.847313865991612e-39,***,True
M2_Attn_topk6,2,331,85,245,缩肛持续时间(s),ALL,331,12.44,12.8,12.2,14.4,13.3,低,0.607,1.2028663050209823e-10,8.78092402665317e-09,***,True
M2_Attn_topk6,2,331,85,245,排便时直肠压力(mmHg),ALL,331,42.04,37.0,45.0,inf,45.0,低,0.665,1.7225899478048345e-06,8.096172754682723e-05,***,True
M2_Attn_topk6,2,331,85,245,RAIR诱发最小容积(ml),ALL,331,17.16,10.0,0.0,30.0,30.0,低,0.045,3.208707019747566e-42,4.748886389226398e-40,***,True
M2_Attn_topk6,2,331,85,245,初始感觉阈值(ml),ALL,322,33.35,30.0,0.0,30.0,30.0,等于参考中心,0.233,6.044990919774673e-07,3.2642950966783235e-05,***,True
M2_Attn_topk6,2,331,85,245,初始便意阈值(ml),ALL,323,64.46,60.0,57.0,196.0,126.5,低,0.223,2.5131774843468636e-55,4.724773670572103e-53,***,True
M2_Attn_topk6,2,331,85,245,排便窘迫感阈值(ml),ALL,324,104.59,90.0,93.0,241.0,167.0,低,0.519,7.507427818292204e-49,1.253740445654798e-46,***,True
M3_Mean_topk0,0,334,86,247,肛门括约肌静息压(mmHg),M,86,37.98,37.5,59.0,115.0,87.0,低,0.849,7.987270122300702e-16,7.108670408847626e-14,***,True
M3_Mean_topk0,0,334,86,247,肛门括约肌静息压(mmHg),F,247,37.15,35.4,47.0,101.0,74.0,低,0.709,3.003290596625697e-41,4.174573929309719e-39,***,True
M3_Mean_topk0,0,334,86,247,最大缩榨压MSP（mmHg）,M,86,92.95,86.75,91.0,170.0,130.5,低,0.628,3.1829071918826685e-08,1.9734024589672543e-06,***,True
M3_Mean_topk0,0,334,86,247,最大缩榨压MSP（mmHg）,F,247,74.41,70.6,61.0,140.0,100.5,低,0.421,3.928814211123637e-22,4.085966779568583e-20,***,True
M3_Mean_topk0,0,334,86,247,最大容量感觉阈值(ml),ALL,327,151.99,150.0,155.0,309.0,232.0,低,0.587,1.5645400006833057e-50,2.769235801209451e-48,***,True
M3_Mean_topk0,0,334,86,247,肛门括约肌长度(cm),M,86,2.07,1.7,3.4,5.9,4.65,低,0.814,1.478616929742692e-15,1.286396728876142e-13,***,True
M3_Mean_topk0,0,334,86,247,肛门括约肌长度(cm),F,247,1.79,1.5,2.7,5.1,3.9,低,0.822,2.8714534924701705e-41,4.0200348894582385e-39,***,True
M3_Mean_topk0,0,334,86,247,缩肛持续时间(s),ALL,334,12.44,12.8,12.2,14.4,13.3,低,0.605,1.0197583378140114e-10,7.546211699823685e-09,***,True
M3_Mean_topk0,0,334,86,247,排便时直肠压力(mmHg),ALL,334,42.12,37.25,45.0,inf,45.0,低,0.659,2.6888969887060857e-06,0.00012100036449177385,***,True
M3_Mean_topk0,0,334,86,247,RAIR诱发最小容积(ml),ALL,334,17.31,10.0,0.0,30.0,30.0,低,0.048,3.6004581526401735e-42,5.292673484381055e-40,***,True
M3_Mean_topk0,0,334,86,247,初始感觉阈值(ml),ALL,325,33.32,30.0,0.0,30.0,30.0,等于参考中心,0.231,6.044990919774673e-07,3.2642950966783235e-05,***,True
M3_Mean_topk0,0,334,86,247,初始便意阈值(ml),ALL,326,64.36,60.0,57.0,196.0,126.5,低,0.23,9.890323781188251e-56,1.8692711946445795e-53,***,True
M3_Mean_topk0,0,334,86,247,排便窘迫感阈值(ml),ALL,327,104.52,90.0,93.0,241.0,167.0,低,0.52,2.275997293320005e-49,3.8464354257108086e-47,***,True
M3_Mean_topk0,1,401,185,216,肛门括约肌静息压(mmHg),M,185,72.53,72.9,59.0,115.0,87.0,低,0.281,2.093670097134165e-14,1.6330626757646487e-12,***,True
M3_Mean_topk0,1,401,185,216,肛门括约肌静息压(mmHg),F,216,69.35,68.3,47.0,101.0,74.0,低,0.181,0.00017794959016155615,0.005338487704846685,**,True
M3_Mean_topk0,1,401,185,216,最大缩榨压MSP（mmHg）,M,185,145.42,138.8,91.0,170.0,130.5,高,0.362,0.001986927255636787,0.046492030626643664,*,True
M3_Mean_topk0,1,401,185,216,最大缩榨压MSP（mmHg）,F,216,112.56,107.7,61.0,140.0,100.5,高,0.218,8.824440164942964e-06,0.0003618020467626615,***,True
M3_Mean_topk0,1,401,185,216,最大容量感觉阈值(ml),ALL,399,165.24,150.0,155.0,309.0,232.0,低,0.519,3.3602911743070606e-50,5.846906643294285e-48,***,True
M3_Mean_topk0,1,401,185,216,肛门括约肌长度(cm),M,185,3.16,3.2,3.4,5.9,4.65,低,0.546,8.157992232503248e-24,9.21853122272867e-22,***,True
M3_Mean_topk0,1,401,185,216,肛门括约肌长度(cm),F,216,2.52,2.3,2.7,5.1,3.9,低,0.597,1.1890086709094246e-27,1.4268104050913095e-25,***,True
M3_Mean_topk0,1,401,185,216,缩肛持续时间(s),ALL,401,12.58,13.1,12.2,14.4,13.3,低,0.541,2.6835330443589566e-07,1.610119826615374e-05,***,True
M3_Mean_topk0,1,401,185,216,排便时直肠压力(mmHg),ALL,401,51.48,48.0,45.0,inf,45.0,高,0.446,4.368204083777755e-05,0.0015288714293222143,**,True
M3_Mean_topk0,1,401,185,216,RAIR诱发最小容积(ml),ALL,401,18.15,10.0,0.0,30.0,30.0,低,0.065,2.8459301619531928e-42,4.2404359413102574e-40,***,True
M3_Mean_topk0,1,401,185,216,初始感觉阈值(ml),ALL,397,32.85,30.0,0.0,30.0,30.0,等于参考中心,0.212,5.728787905446839e-07,3.169430967570199e-05,***,True
M3_Mean_topk0,1,401,185,216,初始便意阈值(ml),ALL,400,65.65,60.0,57.0,196.0,126.5,低,0.225,1.1123479100443072e-67,2.157954945485956e-65,***,True
M3_Mean_topk0,1,401,185,216,排便窘迫感阈值(ml),ALL,399,111.3,100.0,93.0,241.0,167.0,低,0.476,1.7326660771310092e-54,3.205432242692367e-52,***,True
M3_Mean_topk0,2,331,144,187,肛门括约肌静息压(mmHg),M,144,59.07,58.15,59.0,115.0,87.0,低,0.535,1.217783028409483e-22,1.290850010114052e-20,***,True
M3_Mean_topk0,2,331,144,187,肛门括约肌静息压(mmHg),F,187,58.35,55.5,47.0,101.0,74.0,低,0.332,6.7131228353962516e-18,6.243204236918514e-16,***,True
M3_Mean_topk0,2,331,144,187,最大缩榨压MSP（mmHg）,M,144,128.25,118.25,91.0,170.0,130.5,低,0.41,0.06194692610450971,0.6194692610450971,ns,False
M3_Mean_topk0,2,331,144,187,最大缩榨压MSP（mmHg）,F,187,95.64,93.4,61.0,140.0,100.5,低,0.235,0.006420690489336936,0.11039297156261861,ns,False
M3_Mean_topk0,2,331,144,187,最大容量感觉阈值(ml),ALL,325,163.68,160.0,155.0,309.0,232.0,低,0.498,1.3311994624509595e-44,2.1166071452970256e-42,***,True
M3_Mean_topk0,2,331,144,187,肛门括约肌长度(cm),M,144,2.59,2.4,3.4,5.9,4.65,低,0.701,9.06317376154183e-24,1.0150754612926849e-21,***,True
M3_Mean_topk0,2,331,144,187,肛门括约肌长度(cm),F,187,2.27,2.1,2.7,5.1,3.9,低,0.695,7.430112350943713e-30,9.287640438679642e-28,***,True
M3_Mean_topk0,2,331,144,187,缩肛持续时间(s),ALL,331,12.9,13.3,12.2,14.4,13.3,等于参考中心,0.508,0.014427316918694767,0.20198243686172673,ns,False
M3_Mean_topk0,2,331,144,187,排便时直肠压力(mmHg),ALL,331,46.01,41.5,45.0,inf,45.0,低,0.553,0.21727200396837698,1.0,ns,False
M3_Mean_topk0,2,331,144,187,RAIR诱发最小容积(ml),ALL,331,17.45,10.0,0.0,30.0,30.0,低,0.057,8.603907973819729e-39,1.1357158525442043e-36,***,True
M3_Mean_topk0,2,331,144,187,初始感觉阈值(ml),ALL,327,35.84,30.0,0.0,30.0,30.0,等于参考中心,0.333,1.0836423123723566e-09,7.477131955369261e-08,***,True
M3_Mean_topk0,2,331,144,187,初始便意阈值(ml),ALL,330,67.95,60.0,57.0,196.0,126.5,低,0.258,6.000436503679131e-54,1.0920794436696017e-51,***,True
M3_Mean_topk0,2,331,144,187,排便窘迫感阈值(ml),ALL,330,112.33,100.0,93.0,241.0,167.0,低,0.412,2.985697083863977e-46,4.836829275859642e-44,***,True
M4_旧Attn_topk4,0,309,139,170,肛门括约肌静息压(mmHg),M,139,60.75,59.2,59.0,115.0,87.0,低,0.504,3.504028546186115e-21,3.5040285461861147e-19,***,True
M4_旧Attn_topk4,0,309,139,170,肛门括约肌静息压(mmHg),F,170,59.21,57.3,47.0,101.0,74.0,低,0.294,5.165569241081285e-16,4.700668009383969e-14,***,True
M4_旧Attn_topk4,0,309,139,170,最大缩榨压MSP（mmHg）,M,139,132.2,120.4,91.0,170.0,130.5,低,0.403,0.3194798840649734,1.0,ns,False
M4_旧Attn_topk4,0,309,139,170,最大缩榨压MSP（mmHg）,F,170,97.87,94.5,61.0,140.0,100.5,低,0.235,0.0679735787542324,0.6194692610450971,ns,False
M4_旧Attn_topk4,0,309,139,170,最大容量感觉阈值(ml),ALL,303,165.18,160.0,155.0,309.0,232.0,低,0.485,1.2817148246279001e-41,1.8328521992178974e-39,***,True
M4_旧Attn_topk4,0,309,139,170,肛门括约肌长度(cm),M,139,2.65,2.6,3.4,5.9,4.65,低,0.676,7.19345327491711e-23,7.696995004161308e-21,***,True
M4_旧Attn_topk4,0,309,139,170,肛门括约肌长度(cm),F,170,2.32,2.1,2.7,5.1,3.9,低,0.682,3.600152492612856e-27,4.284181466209299e-25,***,True
M4_旧Attn_topk4,0,309,139,170,缩肛持续时间(s),ALL,309,12.85,13.3,12.2,14.4,13.3,等于参考中心,0.508,0.006132942864589923,0.11039297156261861,ns,False
M4_旧Attn_topk4,0,309,139,170,排便时直肠压力(mmHg),ALL,309,47.03,43.6,45.0,inf,45.0,低,0.531,0.828671254630027,1.0,ns,False
M4_旧Attn_topk4,0,309,139,170,RAIR诱发最小容积(ml),ALL,309,17.49,10.0,0.0,30.0,30.0,低,0.058,8.031106545533475e-37,1.0360127443738184e-34,***,True
M4_旧Attn_topk4,0,309,139,170,初始感觉阈值(ml),ALL,306,35.13,30.0,0.0,30.0,30.0,等于参考中心,0.327,5.8806003024806665e-09,3.940002202662047e-07,***,True
M4_旧Attn_topk4,0,309,139,170,初始便意阈值(ml),ALL,308,67.63,60.0,57.0,196.0,126.5,低,0.253,1.3949032147668167e-51,2.4968767544326018e-49,***,True
M4_旧Attn_topk4,0,309,139,170,排便窘迫感阈值(ml),ALL,308,112.87,100.0,93.0,241.0,167.0,低,0.393,8.10677096254118e-44,1.2727630411189653e-41,***,True
M4_旧Attn_topk4,1,326,84,241,肛门括约肌静息压(mmHg),M,84,37.79,37.5,59.0,115.0,87.0,低,0.857,1.7102447816903898e-15,1.4708105122537353e-13,***,True
M4_旧Attn_topk4,1,326,84,241,肛门括约肌静息压(mmHg),F,241,36.82,35.2,47.0,101.0,74.0,低,0.718,2.6685281798267745e-40,3.5758277609678777e-38,***,True
M4_旧Attn_topk4,1,326,84,241,最大缩榨压MSP（mmHg）,M,84,91.46,85.15,91.0,170.0,130.5,低,0.643,2.416340342427043e-08,1.5464578191533076e-06,***,True
M4_旧Attn_topk4,1,326,84,241,最大缩榨压MSP（mmHg）,F,241,73.24,70.3,61.0,140.0,100.5,低,0.427,3.3201009681092023e-23,3.618910055239031e-21,***,True
M4_旧Attn_topk4,1,326,84,241,最大容量感觉阈值(ml),ALL,319,151.61,150.0,155.0,309.0,232.0,低,0.589,3.2872758322713716e-49,5.522623398215905e-47,***,True
M4_旧Attn_topk4,1,326,84,241,肛门括约肌长度(cm),M,84,2.08,1.7,3.4,5.9,4.65,低,0.81,3.2786408781081907e-15,2.6556991112676346e-13,***,True
M4_旧Attn_topk4,1,326,84,241,肛门括约肌长度(cm),F,241,1.79,1.5,2.7,5.1,3.9,低,0.817,3.008235539682977e-40,4.0009532677783594e-38,***,True
M4_旧Attn_topk4,1,326,84,241,缩肛持续时间(s),ALL,326,12.44,12.75,12.2,14.4,13.3,低,0.61,1.9646875076689236e-10,1.3949281304449358e-08,***,True
M4_旧Attn_topk4,1,326,84,241,排便时直肠压力(mmHg),ALL,326,42.05,36.95,45.0,inf,45.0,低,0.663,2.3447758208359787e-06,0.00010785968775845502,***,True
M4_旧Attn_topk4,1,326,84,241,RAIR诱发最小容积(ml),ALL,326,17.18,10.0,0.0,30.0,30.0,低,0.049,1.5421265430602676e-41,2.18981969114558e-39,***,True
M4_旧Attn_topk4,1,326,84,241,初始感觉阈值(ml),ALL,318,33.36,30.0,0.0,30.0,30.0,等于参考中心,0.236,8.335736212459113e-07,4.1678681062295566e-05,***,True
M4_旧Attn_topk4,1,326,84,241,初始便意阈值(ml),ALL,318,64.56,60.0,57.0,196.0,126.5,低,0.226,2.539167400740294e-54,4.672068017362141e-52,***,True
M4_旧Attn_topk4,1,326,84,241,排便窘迫感阈值(ml),ALL,319,104.85,90.0,93.0,241.0,167.0,低,0.514,5.866587149538538e-48,9.679868796738588e-46,***,True
M4_旧Attn_topk4,2,350,157,193,肛门括约肌静息压(mmHg),M,157,71.86,72.9,59.0,115.0,87.0,低,0.287,3.1241853764718954e-13,2.4056227398833593e-11,***,True
M4_旧Attn_topk4,2,350,157,193,肛门括约肌静息压(mmHg),F,193,69.75,69.0,47.0,101.0,74.0,低,0.187,0.0019371679427768193,0.046492030626643664,*,True
M4_旧Attn_topk4,2,350,157,193,最大缩榨压MSP（mmHg）,M,157,145.9,139.2,91.0,170.0,130.5,高,0.376,0.0025396654692912296,0.05454833622572892,ns,False
M4_旧Attn_topk4,2,350,157,193,最大缩榨压MSP（mmHg）,F,193,111.99,106.7,61.0,140.0,100.5,高,0.207,7.582930851103766e-05,0.0025781964893752804,**,True
M4_旧Attn_topk4,2,350,157,193,最大容量感觉阈值(ml),ALL,348,165.27,150.0,155.0,309.0,232.0,低,0.523,1.2886531966880954e-43,2.010298986833429e-41,***,True
M4_旧Attn_topk4,2,350,157,193,肛门括约肌长度(cm),M,157,3.12,3.2,3.4,5.9,4.65,低,0.561,2.823358642173366e-20,2.7386578829081652e-18,***,True
M4_旧Attn_topk4,2,350,157,193,肛门括约肌长度(cm),F,193,2.5,2.3,2.7,5.1,3.9,低,0.606,3.069871312164122e-25,3.5917494352320226e-23,***,True
M4_旧Attn_topk4,2,350,157,193,缩肛持续时间(s),ALL,350,12.54,13.1,12.2,14.4,13.3,低,0.534,3.918170432263227e-07,2.2725388507126718e-05,***,True
M4_旧Attn_topk4,2,350,157,193,排便时直肠压力(mmHg),ALL,350,51.55,47.75,45.0,inf,45.0,高,0.454,0.0001469407311588594,0.004555162665924642,**,True
M4_旧Attn_topk4,2,350,157,193,RAIR诱发最小容积(ml),ALL,350,18.2,10.0,0.0,30.0,30.0,低,0.066,3.726895201855989e-36,4.770425858375666e-34,***,True
M4_旧Attn_topk4,2,350,157,193,初始感觉阈值(ml),ALL,347,32.82,30.0,0.0,30.0,30.0,等于参考中心,0.21,3.2888143073613316e-06,0.00014141901521653725,***,True
M4_旧Attn_topk4,2,350,157,193,初始便意阈值(ml),ALL,349,65.7,60.0,57.0,196.0,126.5,低,0.218,2.24019780163204e-59,4.301179779133517e-57,***,True
M4_旧Attn_topk4,2,350,157,193,排便窘迫感阈值(ml),ALL,348,111.15,100.0,93.0,241.0,167.0,低,0.489,1.4939895686751243e-47,2.4501428926272038e-45,***,True
M5_旧Mean_topk6,0,299,134,165,肛门括约肌静息压(mmHg),M,134,60.37,59.0,59.0,115.0,87.0,低,0.5,4.825789105772101e-21,4.77753121471438e-19,***,True
M5_旧Mean_topk6,0,299,134,165,肛门括约肌静息压(mmHg),F,165,59.2,58.2,47.0,101.0,74.0,低,0.297,2.3821401930746758e-15,1.977176360251981e-13,***,True
M5_旧Mean_topk6,0,299,134,165,最大缩榨压MSP（mmHg）,M,134,131.15,120.15,91.0,170.0,130.5,低,0.381,0.2169155585589725,1.0,ns,False
M5_旧Mean_topk6,0,299,134,165,最大缩榨压MSP（mmHg）,F,165,97.08,93.4,61.0,140.0,100.5,低,0.255,0.03212826555620341,0.385539186674441,ns,False
M5_旧Mean_topk6,0,299,134,165,最大容量感觉阈值(ml),ALL,293,163.96,160.0,155.0,309.0,232.0,低,0.488,2.733010308613097e-41,3.853544535144467e-39,***,True
M5_旧Mean_topk6,0,299,134,165,肛门括约肌长度(cm),M,134,2.64,2.45,3.4,5.9,4.65,低,0.687,5.302720537377865e-22,5.461802153499201e-20,***,True
M5_旧Mean_topk6,0,299,134,165,肛门括约肌长度(cm),F,165,2.31,2.1,2.7,5.1,3.9,低,0.691,2.2881124099219417e-26,2.699972643707891e-24,***,True
M5_旧Mean_topk6,0,299,134,165,缩肛持续时间(s),ALL,299,12.89,13.3,12.2,14.4,13.3,等于参考中心,0.488,0.015431431196519055,0.20198243686172673,ns,False
M5_旧Mean_topk6,0,299,134,165,排便时直肠压力(mmHg),ALL,299,46.82,43.6,45.0,inf,45.0,低,0.528,0.602432541688709,1.0,ns,False
M5_旧Mean_topk6,0,299,134,165,RAIR诱发最小容积(ml),ALL,299,17.64,10.0,0.0,30.0,30.0,低,0.054,5.289194359458222e-35,6.664384892917359e-33,***,True
M5_旧Mean_topk6,0,299,134,165,初始感觉阈值(ml),ALL,296,35.1,30.0,0.0,30.0,30.0,等于参考中心,0.331,1.420823863802899e-08,9.377437501099134e-07,***,True
M5_旧Mean_topk6,0,299,134,165,初始便意阈值(ml),ALL,298,67.53,60.0,57.0,196.0,126.5,低,0.255,6.221117724147064e-50,1.063811130829148e-47,***,True
M5_旧Mean_topk6,0,299,134,165,排便窘迫感阈值(ml),ALL,298,112.06,100.0,93.0,241.0,167.0,低,0.399,5.247164020916857e-43,8.028160952002791e-41,***,True
M5_旧Mean_topk6,1,327,84,242,肛门括约肌静息压(mmHg),M,84,37.36,37.3,59.0,115.0,87.0,低,0.857,1.7102447816903898e-15,1.4708105122537353e-13,***,True
M5_旧Mean_topk6,1,327,84,242,肛门括约肌静息压(mmHg),F,242,36.97,35.35,47.0,101.0,74.0,低,0.715,1.8133808766035789e-40,2.466197992180867e-38,***,True
M5_旧Mean_topk6,1,327,84,242,最大缩榨压MSP（mmHg）,M,84,92.07,85.15,91.0,170.0,130.5,低,0.643,3.453101969755946e-08,2.1063922015511273e-06,***,True
M5_旧Mean_topk6,1,327,84,242,最大缩榨压MSP（mmHg）,F,242,73.48,70.55,61.0,140.0,100.5,低,0.421,4.5711452664127224e-23,4.93683688772574e-21,***,True
M5_旧Mean_topk6,1,327,84,242,最大容量感觉阈值(ml),ALL,320,151.81,150.0,155.0,309.0,232.0,低,0.588,1.90471449042243e-49,3.2380146337181313e-47,***,True
M5_旧Mean_topk6,1,327,84,242,肛门括约肌长度(cm),M,84,2.04,1.65,3.4,5.9,4.65,低,0.821,3.195555491077047e-15,2.6203555026831784e-13,***,True
M5_旧Mean_topk6,1,327,84,242,肛门括约肌长度(cm),F,242,1.79,1.5,2.7,5.1,3.9,低,0.818,2.006280584093883e-40,2.7084787885267425e-38,***,True
M5_旧Mean_topk6,1,327,84,242,缩肛持续时间(s),ALL,327,12.43,12.7,12.2,14.4,13.3,低,0.612,1.309055120797562e-10,9.425196869742446e-09,***,True
M5_旧Mean_topk6,1,327,84,242,排便时直肠压力(mmHg),ALL,327,42.14,37.1,45.0,inf,45.0,低,0.661,2.8934554697228224e-06,0.0001273120406678042,***,True
M5_旧Mean_topk6,1,327,84,242,RAIR诱发最小容积(ml),ALL,327,17.09,10.0,0.0,30.0,30.0,低,0.046,6.655368785825179e-42,9.716838427304761e-40,***,True
M5_旧Mean_topk6,1,327,84,242,初始感觉阈值(ml),ALL,318,33.4,30.0,0.0,30.0,30.0,等于参考中心,0.236,6.044990919774673e-07,3.2642950966783235e-05,***,True
M5_旧Mean_topk6,1,327,84,242,初始便意阈值(ml),ALL,319,64.55,60.0,57.0,196.0,126.5,低,0.226,1.4662160241203322e-54,2.7418239651050213e-52,***,True
M5_旧Mean_topk6,1,327,84,242,排便窘迫感阈值(ml),ALL,320,104.74,90.0,93.0,241.0,167.0,低,0.516,3.797527805556081e-48,6.3038961572230945e-46,***,True
M5_旧Mean_topk6,2,339,152,187,肛门括约肌静息压(mmHg),M,152,72.71,73.1,59.0,115.0,87.0,低,0.283,3.6899657492115735e-12,2.804373969400796e-10,***,True
M5_旧Mean_topk6,2,339,152,187,肛门括约肌静息压(mmHg),F,187,70.22,69.5,47.0,101.0,74.0,低,0.176,0.004733113406579075,0.08992915472500242,ns,False
M5_旧Mean_topk6,2,339,152,187,最大缩榨压MSP（mmHg）,M,152,147.04,143.05,91.0,170.0,130.5,高,0.368,0.0007936309423518717,0.021428035443500536,*,True
M5_旧Mean_topk6,2,339,152,187,最大缩榨压MSP（mmHg）,F,187,112.83,107.8,61.0,140.0,100.5,高,0.209,2.2336535073447932e-05,0.0008264517977175735,***,True
M5_旧Mean_topk6,2,339,152,187,最大容量感觉阈值(ml),ALL,337,164.81,150.0,155.0,309.0,232.0,低,0.519,7.52491088268939e-43,1.1437864541687872e-40,***,True
M5_旧Mean_topk6,2,339,152,187,肛门括约肌长度(cm),M,152,3.16,3.2,3.4,5.9,4.65,低,0.553,2.7634131441640067e-19,2.6528766183974465e-17,***,True
M5_旧Mean_topk6,2,339,152,187,肛门括约肌长度(cm),F,187,2.53,2.3,2.7,5.1,3.9,低,0.599,4.476915842884118e-24,5.193222377745577e-22,***,True
M5_旧Mean_topk6,2,339,152,187,缩肛持续时间(s),ALL,339,12.56,13.1,12.2,14.4,13.3,低,0.54,1.322056552044648e-06,6.345871449814309e-05,***,True
M5_旧Mean_topk6,2,339,152,187,排便时直肠压力(mmHg),ALL,339,52.02,48.7,45.0,inf,45.0,高,0.442,3.827593852231753e-05,0.001377933786803431,**,True
M5_旧Mean_topk6,2,339,152,187,RAIR诱发最小容积(ml),ALL,339,18.05,10.0,0.0,30.0,30.0,低,0.062,5.337716012822368e-36,6.778899336284407e-34,***,True
M5_旧Mean_topk6,2,339,152,187,初始感觉阈值(ml),ALL,336,32.74,30.0,0.0,30.0,30.0,等于参考中心,0.208,6.877753409912909e-06,0.0002888656432163422,***,True
M5_旧Mean_topk6,2,339,152,187,初始便意阈值(ml),ALL,338,65.41,60.0,57.0,196.0,126.5,低,0.225,1.8072071254472505e-57,3.4517656096042484e-55,***,True
M5_旧Mean_topk6,2,339,152,187,排便窘迫感阈值(ml),ALL,337,111.36,100.0,93.0,241.0,167.0,低,0.478,3.1787600941697345e-46,5.117803751613272e-44,***,True
